<?xml version='1.0' encoding='US-ASCII' standalone='yes'?>
<PageTables vers='6.4.0.91'>
	<PageTableLayouts>
		<Plugin manID='Acme' prodID='Ipef' plugID='Ipef'>
			<Desc>IPlugEffect by AcmeInc.</Desc>
			<Layout>PageTable 1</Layout>
		</Plugin><!--manID='Acme' prodID='Ipef' plugID='Ipef'-->
		<PTLayout name='PageTable 1'>
			<PageTable type='BkCS' pgsz='12'>
				<Page num='1'>
					<ID>1</ID>
					<ID> </ID>
					<ID> </ID>
					<ID> </ID>
					<ID> </ID>
					<ID> </ID>
					<ID>MasterBypass</ID>
				</Page><!--num='1'-->
			</PageTable><!--type='BkCS' pgsz='12'-->
			<PageTable type='BkSF' pgsz='16'>
				<Page num='1'>
					<ID>1</ID>
					<ID> </ID>
					<ID> </ID>
					<ID> </ID>
					<ID> </ID>
					<ID> </ID>
					<ID> </ID>
					<ID> </ID>
					<ID>MasterBypass</ID>
				</Page><!--num='1'-->
			</PageTable><!--type='BkSF' pgsz='16'-->
			<PageTable type='FrTL' pgsz='24'>
				<Page num='1'>
					<ID>MasterBypass</ID>
					<ID>1</ID>
				</Page><!--num='1'-->
				<FirstPg cat='0'>1</FirstPg>
				<FirstPg cat='1'>1</FirstPg>
				<FirstPg cat='2'>1</FirstPg>
				<FirstPg cat='4'>1</FirstPg>
				<FirstPg cat='8'>1</FirstPg>
				<FirstPg cat='16'>1</FirstPg>
				<FirstPg cat='32'>1</FirstPg>
				<FirstPg cat='64'>1</FirstPg>
				<FirstPg cat='128'>1</FirstPg>
				<FirstPg cat='256'>1</FirstPg>
				<FirstPg cat='512'>1</FirstPg>
				<FirstPg cat='1024'>1</FirstPg>
				<FirstPg cat='2048'>1</FirstPg>
			</PageTable><!--type='FrTL' pgsz='24'-->
			<PageTable type='HgTL' pgsz='8'>
				<Page num='1'>
					<ID> </ID>
					<ID>1</ID>
					<ID>MasterBypass</ID>
				</Page><!--num='1'-->
				<FirstPg cat='0'>1</FirstPg>
				<FirstPg cat='1'>1</FirstPg>
				<FirstPg cat='2'>1</FirstPg>
				<FirstPg cat='4'>1</FirstPg>
				<FirstPg cat='8'>1</FirstPg>
				<FirstPg cat='16'>1</FirstPg>
				<FirstPg cat='32'>1</FirstPg>
				<FirstPg cat='64'>1</FirstPg>
				<FirstPg cat='128'>1</FirstPg>
				<FirstPg cat='256'>1</FirstPg>
				<FirstPg cat='512'>1</FirstPg>
				<FirstPg cat='1024'>1</FirstPg>
				<FirstPg cat='2048'>1</FirstPg>
			</PageTable><!--type='HgTL' pgsz='8'-->
			<PageTable type='MkTL' pgsz='8'>
				<Page num='1'>
					<ID> </ID>
					<ID>1</ID>
					<ID>MasterBypass</ID>
				</Page><!--num='1'-->
				<FirstPg cat='0'>1</FirstPg>
				<FirstPg cat='1'>1</FirstPg>
				<FirstPg cat='2'>1</FirstPg>
				<FirstPg cat='4'>1</FirstPg>
				<FirstPg cat='8'>1</FirstPg>
				<FirstPg cat='16'>1</FirstPg>
				<FirstPg cat='32'>1</FirstPg>
				<FirstPg cat='64'>1</FirstPg>
				<FirstPg cat='128'>1</FirstPg>
				<FirstPg cat='256'>1</FirstPg>
				<FirstPg cat='512'>1</FirstPg>
				<FirstPg cat='1024'>1</FirstPg>
				<FirstPg cat='2048'>1</FirstPg>
			</PageTable><!--type='MkTL' pgsz='8'-->
			<PageTable type='PcTL' pgsz='16'>
				<Page num='1'>
					<ID>MasterBypass</ID>
					<ID>1</ID>
				</Page><!--num='1'-->
				<FirstPg cat='0'>1</FirstPg>
				<FirstPg cat='1'>1</FirstPg>
				<FirstPg cat='2'>1</FirstPg>
				<FirstPg cat='4'>1</FirstPg>
				<FirstPg cat='8'>1</FirstPg>
				<FirstPg cat='16'>1</FirstPg>
				<FirstPg cat='32'>1</FirstPg>
				<FirstPg cat='64'>1</FirstPg>
				<FirstPg cat='128'>1</FirstPg>
				<FirstPg cat='256'>1</FirstPg>
				<FirstPg cat='512'>1</FirstPg>
				<FirstPg cat='1024'>1</FirstPg>
				<FirstPg cat='2048'>1</FirstPg>
			</PageTable><!--type='PcTL' pgsz='16'-->
			<PageTable type='PgTL' pgsz='1'>
				<Page num='1'>
					<ID>MasterBypass</ID>
				</Page><!--num='1'-->
				<Page num='2'>
					<ID>1</ID>
				</Page><!--num='2'-->
			</PageTable><!--type='PgTL' pgsz='1'-->
		</PTLayout><!--name='PageTable 1'-->
	</PageTableLayouts>
	<ControlNamesVariations>
		<Ctrl ID='MasterBypass'>
			<name typ='PgTL' sz='1'>Ma</name>
			<name typ='PgTL' sz='3'>Byp</name>
			<name typ='PgTL' sz='4'>MByp</name>
			<name typ='PgTL' sz='8'>Mstr Byp</name>
		</Ctrl><!--ID='MasterBypass'-->
	</ControlNamesVariations>
	<Editor vers='1.3.7.1'>
		<PluginList>
			<TDM>
			</TDM>
			<RTAS>
				<PluginID manID='Acme' prodID='Ipef' plugID='Ipef'>
					<MenuStr>RTAS: IPlugEffect</MenuStr>
				</PluginID><!--manID='Acme' prodID='Ipef' plugID='Ipef'-->
			</RTAS>
		</PluginList>
		<DiscCtrls>
			<CtrlID>MasterBypass</CtrlID>
		</DiscCtrls>
	</Editor><!--vers='1.3.7.1'-->
</PageTables><!--vers='6.4.0.91'-->
